{
  "features": [
    "od600",
    "gr",
    "acc",
    "nut",
    "ph",
    "od_std",
    "log_od",
    "tnorm"
  ],
  "mean": [
    1.021717418635339,
    0.03038958223513457,
    -0.007389301940953357,
    0.3987894887870624,
    6.463834405164207,
    0.06065649119462654,
    0.6337669440267164,
    0.5
  ],
  "scale": [
    0.7174777068531566,
    0.27345144655110254,
    0.37660471220616154,
    0.36360691107683507,
    0.365883998257495,
    0.06934737316226601,
    0.3859342479659419,
    0.29230641110773364
  ]
}